{"cameraMode":{"drawMode":0,"name":"Shaded","section":"Shading Mode"},"sceneLighting":true,"audioPlay":false,"sceneViewState":{"m_AlwaysRefresh":false,"showFog":true,"showSkybox":true,"showFlares":true,"showImageEffects":true,"showParticleSystems":true,"showVisualEffectGraphs":true,"m_FxEnabled":true},"in2DMode":false,"pivot":{"x":3.8226895332336427,"y":-2.950126886367798,"z":12.571802139282227},"rotation":{"x":-0.3284449279308319,"y":-0.09217317402362824,"z":0.03214747831225395,"w":-0.9394939541816711},"size":7.5949883460998539,"orthographic":false}